product_name,brand,price,wifi_version,net_port,comment_star,user_comment,collect_time
ZTE中兴AX3000M巡天版wifi6无线电竞路由器千兆端口双频家用全屋大中华户高速光纤穿墙为游戏智能子母mesh5G,中兴,139.77,WiFi6,全千兆网口,5,甜**酱 2026年5月8日已购：标准配置 / AX3000巡天版【超千兆满血Wifi6丨穿墙王丨网易UU加速】 0 1 质量不错 收到就安装了 比之前四根天线的网速快多了 整体很满意,2026-06-01 20:49:21
ZTE中兴AX3000M巡天版wifi6无线电竞路由器千兆端口双频家用全屋大中华户高速光纤穿墙为游戏智能子母mesh5G,中兴,139.77,WiFi6,全千兆网口,4,欧**石 2026年5月7日已购：标准配置 / AX3000巡天版【超千兆满血Wifi6丨穿墙王丨网易UU加速】 0 0 中兴路由器，网络无线连接质量很好，手机设置很简单，支持国产路由器！,2026-06-01 20:49:21
ZTE中兴AX3000M巡天版wifi6无线电竞路由器千兆端口双频家用全屋大中华户高速光纤穿墙为游戏智能子母mesh5G,中兴,139.77,WiFi6,全千兆网口,5,和**1 2026年5月13日已购：标准配置 / AX3000巡天版【超千兆满血Wifi6丨穿墙王丨网易UU加速】 0 0 这款路由器真不错！Wi-Fi 6速度快，性能稳定，拿回家试用了两天，链接流畅，穿墙能力强，自研芯片稳定，多设备不卡，百元价位性价比拉满，家用很合适，好评！,2026-06-01 20:49:21
ZTE中兴AX3000M巡天版wifi6无线电竞路由器千兆端口双频家用全屋大中华户高速光纤穿墙为游戏智能子母mesh5G,中兴,139.77,WiFi6,全千兆网口,5,用**4 2026年5月22日已购：标准配置 / AX3000巡天版【超千兆满血Wifi6丨穿墙王丨网易UU加速】 0 0 之前家里的路由器网速很慢，后来宽带师傅推荐这款中信路由器买回来装上了网速超级快，打游戏也不卡顿，进房间也不用切换网络了，没想到这款路由器这么好用，推荐大家购买,2026-06-01 20:49:21
ZTE中兴AX3000M巡天版wifi6无线电竞路由器千兆端口双频家用全屋大中华户高速光纤穿墙为游戏智能子母mesh5G,中兴,139.77,WiFi6,全千兆网口,5,匿名买家 2026年4月16日已购：标准配置 / AX3000巡天版【超千兆满血Wifi6丨穿墙王丨网易UU加速】 0 1 这个尺寸正正好能塞进弱电箱，信号也非常稳定，覆盖面广，不愧是大品牌，有需要还会再来购买。,2026-06-01 20:49:21
ZTE中兴AX3000M巡天版wifi6无线电竞路由器千兆端口双频家用全屋大中华户高速光纤穿墙为游戏智能子母mesh5G,中兴,139.77,WiFi6,全千兆网口,5,普**达 2026年5月2日已购：标准配置 / AX3000巡天版【超千兆满血Wifi6丨穿墙王丨网易UU加速】 0 0 收到货了，包装完好无损，使用过程中性能很稳定。穿墙效果也好，很满意质量可靠有保证正品正品,2026-06-01 20:49:21
ZTE中兴AX3000M巡天版wifi6无线电竞路由器千兆端口双频家用全屋大中华户高速光纤穿墙为游戏智能子母mesh5G,中兴,139.77,WiFi6,全千兆网口,5,匿名买家 2026年4月30日已购：标准配置 / 全屋组网套餐[巡天*2]【一键组网丨全屋超速网络丨信号稳定不断流】 0 0 非常好的一款主流路由器，外观好看，覆盖也 很大，放二楼去邻居家也能上网，扛扛的。上网 传输也挺快的。一回到家只要一打开手机立马 连接上。,2026-06-01 20:49:21
ZTE中兴AX3000M巡天版wifi6无线电竞路由器千兆端口双频家用全屋大中华户高速光纤穿墙为游戏智能子母mesh5G,中兴,139.77,WiFi6,全千兆网口,4,喜**安 2026年5月26日已购：标准配置 / AX3000巡天版【超千兆满血Wifi6丨穿墙王丨网易UU加速】 0 0 我家的网络一直很慢很慢，电信人员来了，要我买一个新的路由器，我小孩给我选择了中信，今天安装上去了哇，效果太好了，网速飙升电信人员跟我说我买的这一款它是有跟踪功能随着人的使用它的这个WiFi会推向哪一边太神奇了。,2026-06-01 20:49:21
ZTE中兴AX3000M巡天版wifi6无线电竞路由器千兆端口双频家用全屋大中华户高速光纤穿墙为游戏智能子母mesh5G,中兴,139.77,WiFi6,全千兆网口,5,"紫**l 2026年5月22日已购：标准配置 / AX3000巡天版【超千兆满血Wifi6丨穿墙王丨网易UU加速】 0 0 很好用，一次性买了两台,优惠力度大，喜欢，网络也稳定",2026-06-01 20:49:21
ZTE中兴AX3000M巡天版wifi6无线电竞路由器千兆端口双频家用全屋大中华户高速光纤穿墙为游戏智能子母mesh5G,中兴,139.77,WiFi6,全千兆网口,4,匿名买家 2026年5月21日已购：标准配置 / AX3000巡天版【超千兆满血Wifi6丨穿墙王丨网易UU加速】 0 0 中兴AX3000路由器太棒啦！外观简约时尚，摆在家里很搭。信号覆盖超广，穿墙能力一流，各个房间信号都满格。网速飞快，设备同时连接也不卡顿，看高清视频、玩游戏超流畅。而且设置简单易懂，轻松上手，真是家庭网络好帮手，必须好评！,2026-06-01 20:49:21
ZTE中兴AX3000M巡天版wifi6无线电竞路由器千兆端口双频家用全屋大中华户高速光纤穿墙为游戏智能子母mesh5G,中兴,139.77,WiFi6,全千兆网口,4,匿名买家 2026年5月17日已购：标准配置 / AX3000巡天版【超千兆满血Wifi6丨穿墙王丨网易UU加速】 0 0 收到货的时候，包装严实无缺损。外观时尚大气。 安装过程也非常简单，插好网线，设置好密码就可以。 忘记改名称了 覆盖区域：信号非常好,2026-06-01 20:49:21
ZTE中兴AX3000M巡天版wifi6无线电竞路由器千兆端口双频家用全屋大中华户高速光纤穿墙为游戏智能子母mesh5G,中兴,139.77,WiFi6,全千兆网口,4,大户型5G路由器 回购榜·第2名,2026-06-01 20:49:21
ZTE中兴AX3000M巡天版wifi6无线电竞路由器千兆端口双频家用全屋大中华户高速光纤穿墙为游戏智能子母mesh5G,中兴,139.77,WiFi6,全千兆网口,5,AX3000巡天版【超千兆满血Wifi6丨穿墙王丨网易UU加速】 店长主推 全屋组网套餐[巡天*2]【一键组网丨全屋超速网络丨信号稳定不断流】,2026-06-01 20:49:21
ZTE中兴AX3000M巡天版wifi6无线电竞路由器千兆端口双频家用全屋大中华户高速光纤穿墙为游戏智能子母mesh5G,中兴,139.77,WiFi6,全千兆网口,5,质量不错 收到就安装了 比之前四根天线的网速快多了 整体很满意,2026-06-01 20:49:21
ZTE中兴AX3000M巡天版wifi6无线电竞路由器千兆端口双频家用全屋大中华户高速光纤穿墙为游戏智能子母mesh5G,中兴,139.77,WiFi6,全千兆网口,4,中兴路由器，网络无线连接质量很好，手机设置很简单，支持国产路由器！,2026-06-01 20:49:21
ZTE中兴AX3000M巡天版wifi6无线电竞路由器千兆端口双频家用全屋大中华户高速光纤穿墙为游戏智能子母mesh5G,中兴,139.77,WiFi6,全千兆网口,5,这款路由器真不错！Wi-Fi 6速度快，性能稳定，拿回家试用了两天，链接流畅，穿墙能力强，自研芯片稳定，多设备不卡，百元价位性价比拉满，家用很合适，好评！,2026-06-01 20:49:21
ZTE中兴AX3000M巡天版wifi6无线电竞路由器千兆端口双频家用全屋大中华户高速光纤穿墙为游戏智能子母mesh5G,中兴,139.77,WiFi6,全千兆网口,5,之前家里的路由器网速很慢，后来宽带师傅推荐这款中信路由器买回来装上了网速超级快，打游戏也不卡顿，进房间也不用切换网络了，没想到这款路由器这么好用，推荐大家购买,2026-06-01 20:49:21
ZTE中兴AX3000M巡天版wifi6无线电竞路由器千兆端口双频家用全屋大中华户高速光纤穿墙为游戏智能子母mesh5G,中兴,139.77,WiFi6,全千兆网口,5,发货超级快，下单一个小时就发货了，这点真的非常棒。包装也很严实，两个盒子叠着，防震。到货后立马预约了宽带师傅上门安装，很顺利就装好了，效果也非常棒。而且还可以用国补，补贴下来甚至比我上次买的另一个大牌子便宜，感觉很不错。希望之后也能一直这么顺利使用下去。,2026-06-01 20:49:21
ZTE中兴AX3000M巡天版wifi6无线电竞路由器千兆端口双频家用全屋大中华户高速光纤穿墙为游戏智能子母mesh5G,中兴,139.77,WiFi6,全千兆网口,5,这个尺寸正正好能塞进弱电箱，信号也非常稳定，覆盖面广，不愧是大品牌，有需要还会再来购买。,2026-06-01 20:49:21
ZTE中兴AX3000M巡天版wifi6无线电竞路由器千兆端口双频家用全屋大中华户高速光纤穿墙为游戏智能子母mesh5G,中兴,139.77,WiFi6,全千兆网口,5,收到货了，包装完好无损，使用过程中性能很稳定。穿墙效果也好，很满意质量可靠有保证正品正品,2026-06-01 20:49:21
ZTE中兴AX3000M巡天版wifi6无线电竞路由器千兆端口双频家用全屋大中华户高速光纤穿墙为游戏智能子母mesh5G,中兴,139.77,WiFi6,全千兆网口,4,非常好的一款主流路由器，外观好看，覆盖也 很大，放二楼去邻居家也能上网，扛扛的。上网 传输也挺快的。一回到家只要一打开手机立马 连接上。,2026-06-01 20:49:21
ZTE中兴AX3000M巡天版wifi6无线电竞路由器千兆端口双频家用全屋大中华户高速光纤穿墙为游戏智能子母mesh5G,中兴,139.77,WiFi6,全千兆网口,4,我家的网络一直很慢很慢，电信人员来了，要我买一个新的路由器，我小孩给我选择了中信，今天安装上去了哇，效果太好了，网速飙升电信人员跟我说我买的这一款它是有跟踪功能随着人的使用它的这个WiFi会推向哪一边太神奇了。,2026-06-01 20:49:21
ZTE中兴AX3000M巡天版wifi6无线电竞路由器千兆端口双频家用全屋大中华户高速光纤穿墙为游戏智能子母mesh5G,中兴,139.77,WiFi6,全千兆网口,4,✨网速快到起飞!连上这个WiFi刷4K视频秒加载，打排位全程低延迟不卡顿，再也不用卡成PPT干着急👍🏻信号覆盖超给力，卫生间、阳台角落都满格，连五六台设备同时用也不挤，稳得一批～安装简单，设置也不麻烦，颜值还高放哪里都不突兀，这WiFi体验真的绝了，完全超出预期，必须给五星好评👏🏻,2026-06-01 20:49:21
ZTE中兴AX3000M巡天版wifi6无线电竞路由器千兆端口双频家用全屋大中华户高速光纤穿墙为游戏智能子母mesh5G,中兴,139.77,WiFi6,全千兆网口,5,"很好用，一次性买了两台,优惠力度大，喜欢，网络也稳定",2026-06-01 20:49:21
ZTE中兴AX3000M巡天版wifi6无线电竞路由器千兆端口双频家用全屋大中华户高速光纤穿墙为游戏智能子母mesh5G,中兴,139.77,WiFi6,全千兆网口,4,中兴AX3000路由器太棒啦！外观简约时尚，摆在家里很搭。信号覆盖超广，穿墙能力一流，各个房间信号都满格。网速飞快，设备同时连接也不卡顿，看高清视频、玩游戏超流畅。而且设置简单易懂，轻松上手，真是家庭网络好帮手，必须好评！,2026-06-01 20:49:21
ZTE中兴AX3000M巡天版wifi6无线电竞路由器千兆端口双频家用全屋大中华户高速光纤穿墙为游戏智能子母mesh5G,中兴,139.77,WiFi6,全千兆网口,4,收到货的时候，包装严实无缺损。外观时尚大气。 安装过程也非常简单，插好网线，设置好密码就可以。 忘记改名称了 覆盖区域：信号非常好,2026-06-01 20:49:21
ZTE中兴AX3000M巡天版wifi6无线电竞路由器千兆端口双频家用全屋大中华户高速光纤穿墙为游戏智能子母mesh5G,中兴,139.77,WiFi6,全千兆网口,5,米*** 2026年5月14日已购：标准配置 / AX3000巡天版【超千兆满血Wifi6丨穿墙王丨网易UU加速】 0 0 买了中兴和华为对比，最后还是留下中兴，中兴远距离效果会更好点。,2026-06-01 20:49:21
ZTE中兴AX3000M巡天版wifi6无线电竞路由器千兆端口双频家用全屋大中华户高速光纤穿墙为游戏智能子母mesh5G,中兴,139.77,WiFi6,全千兆网口,5,h**h 2026年5月10日已购：标准配置 / AX3000巡天版【超千兆满血Wifi6丨穿墙王丨网易UU加速】 0 0 物美价廉值得购买，网速非常快能够排满一千。连接方便,2026-06-01 20:49:21
ZTE中兴AX3000M巡天版wifi6无线电竞路由器千兆端口双频家用全屋大中华户高速光纤穿墙为游戏智能子母mesh5G,中兴,139.77,WiFi6,全千兆网口,5,匿名买家 2026年4月21日已购：标准配置 / AX3000巡天版【超千兆满血Wifi6丨穿墙王丨网易UU加速】 0 0 信号稳穿墙强，网速提升明显！中兴路由器颜值高安装简单，搭配网线配件齐全，性价比拉满！,2026-06-01 20:49:21
ZTE中兴AX3000M巡天版wifi6无线电竞路由器千兆端口双频家用全屋大中华户高速光纤穿墙为游戏智能子母mesh5G,中兴,139.77,WiFi6,全千兆网口,5,萌**克 2026年5月3日已购：标准配置 / AX3000巡天版【超千兆满血Wifi6丨穿墙王丨网易UU加速】 0 0 用了很多年的路由器间接性罢工了，新换的中兴路由器，效果杠杠的，我一直以为网速就那么点，其实是旧路由器拖累的网速，这个是怎么装的，下载的APP，一步步安装就可以了。,2026-06-01 20:49:21
ZTE中兴AX3000M巡天版wifi6无线电竞路由器千兆端口双频家用全屋大中华户高速光纤穿墙为游戏智能子母mesh5G,中兴,139.77,WiFi6,全千兆网口,5,大**！ 2026年4月20日已购：标准配置 / AX3000巡天版【超千兆满血Wifi6丨穿墙王丨网易UU加速】 0 0 中兴这路由器用着挺顺手的，信号稳得很，家里每个角落都能连上网，穿墙也不卡。连得多设备也不怎么断流，刷视频打游戏都挺顺，设置也简单，百元价位来说很值了。,2026-06-01 20:49:21
ZTE中兴AX3000M巡天版wifi6无线电竞路由器千兆端口双频家用全屋大中华户高速光纤穿墙为游戏智能子母mesh5G,中兴,139.77,WiFi6,全千兆网口,1,爱**3 2026年4月19日已购：标准配置 / AX3000巡天版【超千兆满血Wifi6丨穿墙王丨网易UU加速】 0 0 家里网络不好，叫来维修人员上门检查厉，师傅叫我换掉原来的路甴，在他推荐下，下单了中兴Ax3000路由器，网路立马好太多了，9o平的房间都有信号，很满意,2026-06-01 20:49:21
ZTE中兴AX3000M巡天版wifi6无线电竞路由器千兆端口双频家用全屋大中华户高速光纤穿墙为游戏智能子母mesh5G,中兴,139.77,WiFi6,全千兆网口,5,婷**^ 2026年5月1日已购：标准配置 / AX3000巡天版【超千兆满血Wifi6丨穿墙王丨网易UU加速】 0 0 这款中兴路由器信号覆盖很不错，我家一百多平的房子各个角落都能连上稳定wifi，连阳台书房都不会断连。设置操作很简单，按照指引几步就完成了，开机后网速也很稳定，看视频打游戏都不卡顿，性价比很高，使用体验很好。,2026-06-01 20:49:21
ZTE中兴AX3000M巡天版wifi6无线电竞路由器千兆端口双频家用全屋大中华户高速光纤穿墙为游戏智能子母mesh5G,中兴,139.77,WiFi6,全千兆网口,5,嘿*** 2026年4月30日已购：标准配置 / AX3000巡天版【超千兆满血Wifi6丨穿墙王丨网易UU加速】 0 0 外观设计很漂亮 材质很有质感 覆盖区域很广 数据传输很快 链接稳定 推荐购买！,2026-06-01 20:49:21
ZTE中兴AX3000M巡天版wifi6无线电竞路由器千兆端口双频家用全屋大中华户高速光纤穿墙为游戏智能子母mesh5G,中兴,139.77,WiFi6,全千兆网口,5,左*** 2026年4月30日已购：标准配置 / AX3000巡天版【超千兆满血Wifi6丨穿墙王丨网易UU加速】 0 0 *这款网络设备表现超出预期呢~④信号覆盖稳定，多设备连接也毫无压力，日常使用完全感受不到延迟。乡数据传输效率高，无论是工作还是娱乐都能流畅进行，确实是提升网络体验的实用选择。科技产品的价值，往往体现在这些被忽略的日常流畅之中。 已购,2026-06-01 20:49:21
ZTE中兴AX3000M巡天版wifi6无线电竞路由器千兆端口双频家用全屋大中华户高速光纤穿墙为游戏智能子母mesh5G,中兴,139.77,WiFi6,全千兆网口,5,"厮**心 2026年4月18日已购：标准配置 / AX3000巡天版【超千兆满血Wifi6丨穿墙王丨网易UU加速】 0 0 替换掉之前旧的AX1800,对100多平房间基本可以做到满覆盖，信号强度也没有问题。自研芯片就看夏天发热量和稳定性了，对于没有wifi7刚性需求的日常用完全足够了",2026-06-01 20:49:21
ZTE中兴AX3000M巡天版wifi6无线电竞路由器千兆端口双频家用全屋大中华户高速光纤穿墙为游戏智能子母mesh5G,中兴,139.77,WiFi6,全千兆网口,5,小**家 2026年5月26日已购：标准配置 / AX3000巡天版【超千兆满血Wifi6丨穿墙王丨网易UU加速】 0 0 对比研究了很长时间，最终选择了这款wifi6千兆路由器，换上之后，上网速度快了，信号覆盖区域广了，而且外观白色很漂亮，非常满意。,2026-06-01 20:49:21
ZTE中兴AX3000M巡天版wifi6无线电竞路由器千兆端口双频家用全屋大中华户高速光纤穿墙为游戏智能子母mesh5G,中兴,139.77,WiFi6,全千兆网口,1,i**h 2026年5月26日已购：标准配置 / AX3000巡天版【超千兆满血Wifi6丨穿墙王丨网易UU加速】 0 0 买来就是冲着穿墙强来的，信号稳得很。比之前旧的信号好太多了。网速也快。很稳定，不会掉线,2026-06-01 20:49:21
ZTE中兴AX3000M巡天版wifi6无线电竞路由器千兆端口双频家用全屋大中华户高速光纤穿墙为游戏智能子母mesh5G,中兴,139.77,WiFi6,全千兆网口,5,T**6 2026年5月26日已购：标准配置 / AX3000巡天版【超千兆满血Wifi6丨穿墙王丨网易UU加速】 0 0 买来收货不错，穿墙强，信号稳得很，自从换了这个之后比之前的路由器好用多了，推荐朋友也买了,2026-06-01 20:49:21
ZTE中兴AX3000M巡天版wifi6无线电竞路由器千兆端口双频家用全屋大中华户高速光纤穿墙为游戏智能子母mesh5G,中兴,139.77,WiFi6,全千兆网口,5,爱**莓 2026年5月25日已购：标准配置 / AX3000巡天版【超千兆满血Wifi6丨穿墙王丨网易UU加速】 0 0 整体评价：好看(๑• . •๑) 外观材质：白色美观 覆盖区域：覆盖面积广 传输效果：好 连接速度：很快，比旧的好用多了。,2026-06-01 20:49:21
华为路由AX3双频合一 自动优选家用路由器双核wifi6+千兆端口3000M无线速率上网保护 学生家用高速路由信号强,华为,9999.00,WiFi6,2.5G 网口,5,t**8 2026-05-17已购：AX3【AX3000M】 网口全千兆 这次买的真是太值了，质量超乎想象的好，卖家服务态度也非常好，发货速度快，非常满意！,2026-06-01 20:49:31
华为路由AX3双频合一 自动优选家用路由器双核wifi6+千兆端口3000M无线速率上网保护 学生家用高速路由信号强,华为,9999.00,WiFi6,2.5G 网口,5,v**0 2026-05-17已购：AX3【AX3000M】 网口全千兆 路由器收到了，发货送货都很快很及时。装上使用了一下，感觉还是不错的，下载速度很快，穿墙效果不错，整个屋子信号都强了很多，网速也快了很多。,2026-06-01 20:49:31
华为路由AX3双频合一 自动优选家用路由器双核wifi6+千兆端口3000M无线速率上网保护 学生家用高速路由信号强,华为,9999.00,WiFi6,2.5G 网口,5,t**8 2026年5月17日已购：AX3【AX3000M】 网口全千兆 0 1 这次买的真是太值了，质量超乎想象的好，卖家服务态度也非常好，发货速度快，非常满意！,2026-06-01 20:49:31
华为路由AX3双频合一 自动优选家用路由器双核wifi6+千兆端口3000M无线速率上网保护 学生家用高速路由信号强,华为,9999.00,WiFi6,2.5G 网口,5,v**0 2026年5月17日已购：AX3【AX3000M】 网口全千兆 0 0 路由器收到了，发货送货都很快很及时。装上使用了一下，感觉还是不错的，下载速度很快，穿墙效果不错，整个屋子信号都强了很多，网速也快了很多。,2026-06-01 20:49:31
华为路由AX3双频合一 自动优选家用路由器双核wifi6+千兆端口3000M无线速率上网保护 学生家用高速路由信号强,华为,9999.00,WiFi6,2.5G 网口,4,薯*** 2026年5月10日已购：AX3【AX3000M】 网口全千兆 0 2 之前用的水星路由，经常丢包，没有儿童上网控制。换了华为ax3感觉网速都提高了不少，也不丢包了，最喜欢的是儿童上网控制这一块，太实用了。,2026-06-01 20:49:31
华为路由AX3双频合一 自动优选家用路由器双核wifi6+千兆端口3000M无线速率上网保护 学生家用高速路由信号强,华为,9999.00,WiFi6,2.5G 网口,4,匿名买家 2026年5月5日已购：AX3【AX3000M】 网口全千兆 0 1 信号强，网速飞快，不愧是华为，和华为手机很适配。,2026-06-01 20:49:31
华为路由AX3双频合一 自动优选家用路由器双核wifi6+千兆端口3000M无线速率上网保护 学生家用高速路由信号强,华为,9999.00,WiFi6,2.5G 网口,4,t**e 2026年5月26日已购：AX3【AX3000M】 网口全千兆 0 0 覆盖区域：100 传输效果：可以 连接速度：千兆,2026-06-01 20:49:31
华为路由AX3双频合一 自动优选家用路由器双核wifi6+千兆端口3000M无线速率上网保护 学生家用高速路由信号强,华为,9999.00,WiFi6,2.5G 网口,5,用**9 2026年5月23日已购：AX3【AX3000M】 网口全千兆 0 0 连接速度确实很快，很流畅。和想象的一样，网络马上就飞起来了,2026-06-01 20:49:31
华为路由AX3双频合一 自动优选家用路由器双核wifi6+千兆端口3000M无线速率上网保护 学生家用高速路由信号强,华为,9999.00,WiFi6,2.5G 网口,5,匿名买家 2026年5月23日已购：AX3【AX3000M】 网口全千兆 0 0 连接速度确实很快，很流畅，适合于用在网络死角补充,2026-06-01 20:49:31
华为路由AX3双频合一 自动优选家用路由器双核wifi6+千兆端口3000M无线速率上网保护 学生家用高速路由信号强,华为,9999.00,WiFi6,2.5G 网口,4,t**8 2026年5月22日已购：AX3【AX3000M】 网口全千兆 0 0 惊喜连连！包装精美，产品更是没得说！不过把我限购了，要不然我还得继续买，这一点很不舒服。,2026-06-01 20:49:31
华为路由AX3双频合一 自动优选家用路由器双核wifi6+千兆端口3000M无线速率上网保护 学生家用高速路由信号强,华为,9999.00,WiFi6,2.5G 网口,5,朱**贝 2026年5月20日已购：AX3【AX3000M】 网口全千兆 0 0 连接速度确实很快，很流畅。在二楼关上门也可以丝滑的体验网速！真心好！,2026-06-01 20:49:31
华为路由AX3双频合一 自动优选家用路由器双核wifi6+千兆端口3000M无线速率上网保护 学生家用高速路由信号强,华为,9999.00,WiFi6,2.5G 网口,5,那**帅 2026年5月20日已购：AX3【AX3000M】 网口全千兆 0 0 性能稳定，安装简单，调试很容易上手，信号强还稳…超级赞…,2026-06-01 20:49:31
华为路由AX3双频合一 自动优选家用路由器双核wifi6+千兆端口3000M无线速率上网保护 学生家用高速路由信号强,华为,9999.00,WiFi6,2.5G 网口,5,L**X 2026年5月19日已购：AX3【AX3000M】 网口全千兆 0 0 连接速度确实很快，很流畅。隔天就到了，补贴后很便宜！,2026-06-01 20:49:31
华为路由AX3双频合一 自动优选家用路由器双核wifi6+千兆端口3000M无线速率上网保护 学生家用高速路由信号强,华为,9999.00,WiFi6,2.5G 网口,4,v**0 2026年4月25日已购：AX3【AX3000M】 网口全千兆 0 1 性能强悍，安装又简单，信号也好，三个华为路由器组成无线的统一网络，走到哪儿都是满格信号。 关键还价格实惠啊。,2026-06-01 20:49:31
华为路由AX3双频合一 自动优选家用路由器双核wifi6+千兆端口3000M无线速率上网保护 学生家用高速路由信号强,华为,9999.00,WiFi6,2.5G 网口,4,怪**氓 2026年5月13日已购：AX3【AX3000M】 网口全千兆 0 0 是正品会推荐给朋友购买，希望卖家以后多弄个盒子套上,2026-06-01 20:49:31
华为路由AX3双频合一 自动优选家用路由器双核wifi6+千兆端口3000M无线速率上网保护 学生家用高速路由信号强,华为,9999.00,WiFi6,2.5G 网口,3,对*** 2026年5月12日已购：AX3【AX3000M】 网口全千兆 0 2 整体还可以，家里有一个TP的千兆路由器了，这款也就旗鼓相当吧。穿墙能力很一般，路由器上方中心部位，也没有免密连wifi的H键。很重要的一点是，这款产品不附带网线，新手小白须知。好在能和华为手机搭配使用，智慧生活里能测网速，和一些其他的小便利。,2026-06-01 20:49:31
华为路由AX3双频合一 自动优选家用路由器双核wifi6+千兆端口3000M无线速率上网保护 学生家用高速路由信号强,华为,9999.00,WiFi6,2.5G 网口,5,用**6 2026年5月10日已购：AX3【AX3000M】 网口全千兆 0 0 好用，已经装上了，网速还没测，颜值很高，满意！,2026-06-01 20:49:31
华为路由AX3双频合一 自动优选家用路由器双核wifi6+千兆端口3000M无线速率上网保护 学生家用高速路由信号强,华为,9999.00,WiFi6,2.5G 网口,4,麦**9 2026年4月20日已购：AX3【AX3000M】 网口全千兆 0 2 第一次使用wifi6路由器，wifi6真的超出我的想象，网速快的不是一点，原来有个房间信号差现在也好了,2026-06-01 20:49:31
华为路由AX3双频合一 自动优选家用路由器双核wifi6+千兆端口3000M无线速率上网保护 学生家用高速路由信号强,华为,9999.00,WiFi6,2.5G 网口,5,匿名买家 2026年5月3日已购：AX3【AX3000M】 网口全千兆 0 0 效果很强，信号📶强。非常好用。收到立刻安装。就是没有配网线这个不行,2026-06-01 20:49:31
华为路由AX3双频合一 自动优选家用路由器双核wifi6+千兆端口3000M无线速率上网保护 学生家用高速路由信号强,华为,9999.00,WiFi6,2.5G 网口,4,匿名买家 2026年4月30日已购：AX3【AX3000M】 网口全千兆 0 0 路由器非常的好，安装方便，网速快,2026-06-01 20:49:31
华为路由AX3双频合一 自动优选家用路由器双核wifi6+千兆端口3000M无线速率上网保护 学生家用高速路由信号强,华为,9999.00,WiFi6,2.5G 网口,3,t**2 2026年4月29日已购：AX3【AX3000M】 网口全千兆 0 1 收到货和老的相比较了一下，机器更小，穿墙能力一般，老华为效果更好，一起配合着用复盖更好些。第一张老机器。,2026-06-01 20:49:31
华为路由AX3双频合一 自动优选家用路由器双核wifi6+千兆端口3000M无线速率上网保护 学生家用高速路由信号强,华为,9999.00,WiFi6,2.5G 网口,4,匿名买家 2026年4月28日已购：AX3【AX3000M】 网口全千兆 0 1 没提网速，看电影速度确实快了，原先iPad百度里搜电影，经常会转圈，现在2倍速也很流畅。,2026-06-01 20:49:31
华为路由AX3双频合一 自动优选家用路由器双核wifi6+千兆端口3000M无线速率上网保护 学生家用高速路由信号强,华为,9999.00,WiFi6,2.5G 网口,5,这次买的真是太值了，质量超乎想象的好，卖家服务态度也非常好，发货速度快，非常满意！,2026-06-01 20:49:31
华为路由AX3双频合一 自动优选家用路由器双核wifi6+千兆端口3000M无线速率上网保护 学生家用高速路由信号强,华为,9999.00,WiFi6,2.5G 网口,5,路由器收到了，发货送货都很快很及时。装上使用了一下，感觉还是不错的，下载速度很快，穿墙效果不错，整个屋子信号都强了很多，网速也快了很多。,2026-06-01 20:49:31
华为路由AX3双频合一 自动优选家用路由器双核wifi6+千兆端口3000M无线速率上网保护 学生家用高速路由信号强,华为,9999.00,WiFi6,2.5G 网口,4,AX3【AX3000M】 网口全千兆 万人加购,2026-06-01 20:49:31
华为路由AX3双频合一 自动优选家用路由器双核wifi6+千兆端口3000M无线速率上网保护 学生家用高速路由信号强,华为,9999.00,WiFi6,2.5G 网口,4,之前用的水星路由，经常丢包，没有儿童上网控制。换了华为ax3感觉网速都提高了不少，也不丢包了，最喜欢的是儿童上网控制这一块，太实用了。,2026-06-01 20:49:31
华为路由AX3双频合一 自动优选家用路由器双核wifi6+千兆端口3000M无线速率上网保护 学生家用高速路由信号强,华为,9999.00,WiFi6,2.5G 网口,4,信号强，网速飞快，不愧是华为，和华为手机很适配。,2026-06-01 20:49:31
华为路由AX3双频合一 自动优选家用路由器双核wifi6+千兆端口3000M无线速率上网保护 学生家用高速路由信号强,华为,9999.00,WiFi6,2.5G 网口,4,覆盖区域：100 传输效果：可以 连接速度：千兆,2026-06-01 20:49:31
华为路由AX3双频合一 自动优选家用路由器双核wifi6+千兆端口3000M无线速率上网保护 学生家用高速路由信号强,华为,9999.00,WiFi6,2.5G 网口,5,连接速度确实很快，很流畅。和想象的一样，网络马上就飞起来了,2026-06-01 20:49:31
华为路由AX3双频合一 自动优选家用路由器双核wifi6+千兆端口3000M无线速率上网保护 学生家用高速路由信号强,华为,9999.00,WiFi6,2.5G 网口,5,连接速度确实很快，很流畅，适合于用在网络死角补充,2026-06-01 20:49:31
华为路由AX3双频合一 自动优选家用路由器双核wifi6+千兆端口3000M无线速率上网保护 学生家用高速路由信号强,华为,9999.00,WiFi6,2.5G 网口,5,连接速度确实很快，很流畅。在二楼关上门也可以丝滑的体验网速！真心好！,2026-06-01 20:49:31
华为路由AX3双频合一 自动优选家用路由器双核wifi6+千兆端口3000M无线速率上网保护 学生家用高速路由信号强,华为,9999.00,WiFi6,2.5G 网口,5,性能稳定，安装简单，调试很容易上手，信号强还稳…超级赞…,2026-06-01 20:49:31
华为路由AX3双频合一 自动优选家用路由器双核wifi6+千兆端口3000M无线速率上网保护 学生家用高速路由信号强,华为,9999.00,WiFi6,2.5G 网口,5,连接速度确实很快，很流畅。隔天就到了，补贴后很便宜！,2026-06-01 20:49:31
华为路由AX3双频合一 自动优选家用路由器双核wifi6+千兆端口3000M无线速率上网保护 学生家用高速路由信号强,华为,9999.00,WiFi6,2.5G 网口,4,性能强悍，安装又简单，信号也好，三个华为路由器组成无线的统一网络，走到哪儿都是满格信号。 关键还价格实惠啊。,2026-06-01 20:49:31
华为路由AX3双频合一 自动优选家用路由器双核wifi6+千兆端口3000M无线速率上网保护 学生家用高速路由信号强,华为,9999.00,WiFi6,2.5G 网口,3,整体还可以，家里有一个TP的千兆路由器了，这款也就旗鼓相当吧。穿墙能力很一般，路由器上方中心部位，也没有免密连wifi的H键。很重要的一点是，这款产品不附带网线，新手小白须知。好在能和华为手机搭配使用，智慧生活里能测网速，和一些其他的小便利。,2026-06-01 20:49:31
华为路由AX3双频合一 自动优选家用路由器双核wifi6+千兆端口3000M无线速率上网保护 学生家用高速路由信号强,华为,9999.00,WiFi6,2.5G 网口,5,好用，已经装上了，网速还没测，颜值很高，满意！,2026-06-01 20:49:31
华为路由AX3双频合一 自动优选家用路由器双核wifi6+千兆端口3000M无线速率上网保护 学生家用高速路由信号强,华为,9999.00,WiFi6,2.5G 网口,4,第一次使用wifi6路由器，wifi6真的超出我的想象，网速快的不是一点，原来有个房间信号差现在也好了,2026-06-01 20:49:31
华为路由AX3双频合一 自动优选家用路由器双核wifi6+千兆端口3000M无线速率上网保护 学生家用高速路由信号强,华为,9999.00,WiFi6,2.5G 网口,5,效果很强，信号📶强。非常好用。收到立刻安装。就是没有配网线这个不行,2026-06-01 20:49:31
华为路由AX3双频合一 自动优选家用路由器双核wifi6+千兆端口3000M无线速率上网保护 学生家用高速路由信号强,华为,9999.00,WiFi6,2.5G 网口,4,路由器非常的好，安装方便，网速快,2026-06-01 20:49:31
华为路由AX3双频合一 自动优选家用路由器双核wifi6+千兆端口3000M无线速率上网保护 学生家用高速路由信号强,华为,9999.00,WiFi6,2.5G 网口,3,收到货和老的相比较了一下，机器更小，穿墙能力一般，老华为效果更好，一起配合着用复盖更好些。第一张老机器。,2026-06-01 20:49:31
小米路由器AX3000T家用5G千兆端口WiFi6双频全屋覆盖大户型穿墙王,小米,9999.00,WiFi6,全千兆网口,4,小米路由器 AX3000T 万人加购,2026-06-01 20:49:57
